phenomenon,probe_name,model,dataset_path,layer,seed,split_type,feature_type,accuracy,macro_f1,auroc,ece,control_accuracy,control_macro_f1,selectivity,n_train,n_dev,n_test,config_sha256,solver,max_iter,C
negation,negation_probe,bert-base-uncased,data/css_pairs/neg_1500.jsonl,0,11,random,sentence_mean,1.0,1.0,1.0,,0.5933333333333334,0.5933152584559314,0.40668474154406864,1200,0,300,pending,liblinear,300,1.0
negation,negation_probe,bert-base-uncased,data/css_pairs/neg_1500.jsonl,0,13,random,sentence_mean,1.0,1.0,1.0,,0.4666666666666667,0.46664296190941823,0.5333570380905818,1200,0,300,pending,liblinear,300,1.0
negation,negation_probe,bert-base-uncased,data/css_pairs/neg_1500.jsonl,0,17,random,sentence_mean,1.0,1.0,1.0,,0.3933333333333333,0.3932254623044097,0.6067745376955903,1200,0,300,pending,liblinear,300,1.0
negation,negation_probe,bert-base-uncased,data/css_pairs/neg_1500.jsonl,0,19,random,sentence_mean,1.0,1.0,1.0,,0.38333333333333336,0.38327166049938327,0.6167283395006167,1200,0,300,pending,liblinear,300,1.0
negation,negation_probe,bert-base-uncased,data/css_pairs/neg_1500.jsonl,0,23,random,sentence_mean,1.0,1.0,1.0,,0.48,0.47997688786168274,0.5200231121383172,1200,0,300,pending,liblinear,300,1.0
negation,negation_probe,bert-base-uncased,data/css_pairs/neg_1500.jsonl,1,11,random,sentence_mean,1.0,1.0,1.0,,0.5533333333333333,0.553015477673012,0.44698452232698804,1200,0,300,pending,liblinear,300,1.0
negation,negation_probe,bert-base-uncased,data/css_pairs/neg_1500.jsonl,1,13,random,sentence_mean,1.0,1.0,1.0,,0.49333333333333335,0.49313058556756034,0.5068694144324397,1200,0,300,pending,liblinear,300,1.0
negation,negation_probe,bert-base-uncased,data/css_pairs/neg_1500.jsonl,1,17,random,sentence_mean,1.0,1.0,1.0,,0.46,0.46,0.54,1200,0,300,pending,liblinear,300,1.0
negation,negation_probe,bert-base-uncased,data/css_pairs/neg_1500.jsonl,1,19,random,sentence_mean,1.0,1.0,1.0,,0.4766666666666667,0.4766143280994766,0.5233856719005234,1200,0,300,pending,liblinear,300,1.0
negation,negation_probe,bert-base-uncased,data/css_pairs/neg_1500.jsonl,1,23,random,sentence_mean,1.0,1.0,1.0,,0.49333333333333335,0.49331081381394726,0.5066891861860527,1200,0,300,pending,liblinear,300,1.0
negation,negation_probe,bert-base-uncased,data/css_pairs/neg_1500.jsonl,2,11,random,sentence_mean,1.0,1.0,1.0,,0.5366666666666666,0.5360429021239667,0.46395709787603334,1200,0,300,pending,liblinear,300,1.0
negation,negation_probe,bert-base-uncased,data/css_pairs/neg_1500.jsonl,2,13,random,sentence_mean,1.0,1.0,1.0,,0.49666666666666665,0.4962132585994061,0.5037867414005939,1200,0,300,pending,liblinear,300,1.0
negation,negation_probe,bert-base-uncased,data/css_pairs/neg_1500.jsonl,2,17,random,sentence_mean,1.0,1.0,1.0,,0.45666666666666667,0.4566606295625507,0.5433393704374493,1200,0,300,pending,liblinear,300,1.0
negation,negation_probe,bert-base-uncased,data/css_pairs/neg_1500.jsonl,2,19,random,sentence_mean,1.0,1.0,1.0,,0.44666666666666666,0.44656827880512096,0.553431721194879,1200,0,300,pending,liblinear,300,1.0
negation,negation_probe,bert-base-uncased,data/css_pairs/neg_1500.jsonl,2,23,random,sentence_mean,1.0,1.0,1.0,,0.4666666666666667,0.4662871375200142,0.5337128624799858,1200,0,300,pending,liblinear,300,1.0
negation,negation_probe,bert-base-uncased,data/css_pairs/neg_1500.jsonl,3,11,random,sentence_mean,1.0,1.0,1.0,,0.5533333333333333,0.5531545951714019,0.44684540482859814,1200,0,300,pending,liblinear,300,1.0
negation,negation_probe,bert-base-uncased,data/css_pairs/neg_1500.jsonl,3,13,random,sentence_mean,1.0,1.0,1.0,,0.4866666666666667,0.4864612511671335,0.5135387488328664,1200,0,300,pending,liblinear,300,1.0
negation,negation_probe,bert-base-uncased,data/css_pairs/neg_1500.jsonl,3,17,random,sentence_mean,1.0,1.0,1.0,,0.49333333333333335,0.49331081381394726,0.5066891861860527,1200,0,300,pending,liblinear,300,1.0
negation,negation_probe,bert-base-uncased,data/css_pairs/neg_1500.jsonl,3,19,random,sentence_mean,1.0,1.0,1.0,,0.49,0.4899943332703697,0.5100056667296303,1200,0,300,pending,liblinear,300,1.0
negation,negation_probe,bert-base-uncased,data/css_pairs/neg_1500.jsonl,3,23,random,sentence_mean,1.0,1.0,1.0,,0.4866666666666667,0.4865753911806543,0.5134246088193457,1200,0,300,pending,liblinear,300,1.0
negation,negation_probe,bert-base-uncased,data/css_pairs/neg_1500.jsonl,4,11,random,sentence_mean,1.0,1.0,1.0,,0.49,0.48994899489948995,0.51005100510051,1200,0,300,pending,liblinear,300,1.0
negation,negation_probe,bert-base-uncased,data/css_pairs/neg_1500.jsonl,4,13,random,sentence_mean,1.0,1.0,1.0,,0.4666666666666667,0.4651453021929043,0.5348546978070957,1200,0,300,pending,liblinear,300,1.0
negation,negation_probe,bert-base-uncased,data/css_pairs/neg_1500.jsonl,4,17,random,sentence_mean,1.0,1.0,1.0,,0.49,0.48994899489948995,0.51005100510051,1200,0,300,pending,liblinear,300,1.0
negation,negation_probe,bert-base-uncased,data/css_pairs/neg_1500.jsonl,4,19,random,sentence_mean,1.0,1.0,1.0,,0.4766666666666667,0.4765212559044179,0.5234787440955821,1200,0,300,pending,liblinear,300,1.0
negation,negation_probe,bert-base-uncased,data/css_pairs/neg_1500.jsonl,4,23,random,sentence_mean,1.0,1.0,1.0,,0.5,0.4999777767900796,0.5000222232099204,1200,0,300,pending,liblinear,300,1.0
negation,negation_probe,bert-base-uncased,data/css_pairs/neg_1500.jsonl,5,11,random,sentence_mean,1.0,1.0,1.0,,0.5666666666666667,0.5661846496106786,0.4338153503893214,1200,0,300,pending,liblinear,300,1.0
negation,negation_probe,bert-base-uncased,data/css_pairs/neg_1500.jsonl,5,13,random,sentence_mean,1.0,1.0,1.0,,0.4766666666666667,0.476195242384813,0.523804757615187,1200,0,300,pending,liblinear,300,1.0
negation,negation_probe,bert-base-uncased,data/css_pairs/neg_1500.jsonl,5,17,random,sentence_mean,1.0,1.0,1.0,,0.49666666666666665,0.4965268130036121,0.5034731869963879,1200,0,300,pending,liblinear,300,1.0
negation,negation_probe,bert-base-uncased,data/css_pairs/neg_1500.jsonl,5,19,random,sentence_mean,1.0,1.0,1.0,,0.49333333333333335,0.49331081381394726,0.5066891861860527,1200,0,300,pending,liblinear,300,1.0
negation,negation_probe,bert-base-uncased,data/css_pairs/neg_1500.jsonl,5,23,random,sentence_mean,1.0,1.0,1.0,,0.47333333333333333,0.4724893162393162,0.5275106837606838,1200,0,300,pending,liblinear,300,1.0
negation,negation_probe,bert-base-uncased,data/css_pairs/neg_1500.jsonl,6,11,random,sentence_mean,1.0,1.0,1.0,,0.52,0.5192307692307692,0.48076923076923084,1200,0,300,pending,liblinear,300,1.0
negation,negation_probe,bert-base-uncased,data/css_pairs/neg_1500.jsonl,6,13,random,sentence_mean,1.0,1.0,1.0,,0.44,0.43990042674253205,0.560099573257468,1200,0,300,pending,liblinear,300,1.0
negation,negation_probe,bert-base-uncased,data/css_pairs/neg_1500.jsonl,6,17,random,sentence_mean,1.0,1.0,1.0,,0.4866666666666667,0.4866666666666667,0.5133333333333333,1200,0,300,pending,liblinear,300,1.0
negation,negation_probe,bert-base-uncased,data/css_pairs/neg_1500.jsonl,6,19,random,sentence_mean,1.0,1.0,1.0,,0.48333333333333334,0.48332759252880586,0.5166724074711941,1200,0,300,pending,liblinear,300,1.0
negation,negation_probe,bert-base-uncased,data/css_pairs/neg_1500.jsonl,6,23,random,sentence_mean,1.0,1.0,1.0,,0.4633333333333333,0.4630409889828907,0.5369590110171093,1200,0,300,pending,liblinear,300,1.0
negation,negation_probe,bert-base-uncased,data/css_pairs/neg_1500.jsonl,7,11,random,sentence_mean,1.0,1.0,1.0,,0.51,0.5093403353397346,0.49065966466026545,1200,0,300,pending,liblinear,300,1.0
negation,negation_probe,bert-base-uncased,data/css_pairs/neg_1500.jsonl,7,13,random,sentence_mean,1.0,1.0,1.0,,0.44333333333333336,0.4433271480794231,0.5566728519205769,1200,0,300,pending,liblinear,300,1.0
negation,negation_probe,bert-base-uncased,data/css_pairs/neg_1500.jsonl,7,17,random,sentence_mean,1.0,1.0,1.0,,0.5233333333333333,0.523200889135871,0.47679911086412896,1200,0,300,pending,liblinear,300,1.0
negation,negation_probe,bert-base-uncased,data/css_pairs/neg_1500.jsonl,7,19,random,sentence_mean,1.0,1.0,1.0,,0.45,0.4499449944994499,0.5500550055005501,1200,0,300,pending,liblinear,300,1.0
negation,negation_probe,bert-base-uncased,data/css_pairs/neg_1500.jsonl,7,23,random,sentence_mean,1.0,1.0,1.0,,0.4766666666666667,0.47535505430242275,0.5246449456975772,1200,0,300,pending,liblinear,300,1.0
negation,negation_probe,bert-base-uncased,data/css_pairs/neg_1500.jsonl,8,11,random,sentence_mean,1.0,1.0,1.0,,0.52,0.5189523851944234,0.48104761480557656,1200,0,300,pending,liblinear,300,1.0
negation,negation_probe,bert-base-uncased,data/css_pairs/neg_1500.jsonl,8,13,random,sentence_mean,1.0,1.0,1.0,,0.44333333333333336,0.4433271480794231,0.5566728519205769,1200,0,300,pending,liblinear,300,1.0
negation,negation_probe,bert-base-uncased,data/css_pairs/neg_1500.jsonl,8,17,random,sentence_mean,1.0,1.0,1.0,,0.49,0.4899943332703697,0.5100056667296303,1200,0,300,pending,liblinear,300,1.0
negation,negation_probe,bert-base-uncased,data/css_pairs/neg_1500.jsonl,8,19,random,sentence_mean,1.0,1.0,1.0,,0.44333333333333336,0.4431786607390942,0.5568213392609058,1200,0,300,pending,liblinear,300,1.0
negation,negation_probe,bert-base-uncased,data/css_pairs/neg_1500.jsonl,8,23,random,sentence_mean,1.0,1.0,1.0,,0.44,0.4399751100048891,0.5600248899951109,1200,0,300,pending,liblinear,300,1.0
negation,negation_probe,bert-base-uncased,data/css_pairs/neg_1500.jsonl,9,11,random,sentence_mean,1.0,1.0,1.0,,0.4866666666666667,0.4865753911806543,0.5134246088193457,1200,0,300,pending,liblinear,300,1.0
negation,negation_probe,bert-base-uncased,data/css_pairs/neg_1500.jsonl,9,13,random,sentence_mean,1.0,1.0,1.0,,0.4766666666666667,0.476195242384813,0.523804757615187,1200,0,300,pending,liblinear,300,1.0
negation,negation_probe,bert-base-uncased,data/css_pairs/neg_1500.jsonl,9,17,random,sentence_mean,1.0,1.0,1.0,,0.5033333333333333,0.5026646936436765,0.4973353063563235,1200,0,300,pending,liblinear,300,1.0
negation,negation_probe,bert-base-uncased,data/css_pairs/neg_1500.jsonl,9,19,random,sentence_mean,1.0,1.0,1.0,,0.49333333333333335,0.4929727806440135,0.5070272193559865,1200,0,300,pending,liblinear,300,1.0
negation,negation_probe,bert-base-uncased,data/css_pairs/neg_1500.jsonl,9,23,random,sentence_mean,1.0,1.0,1.0,,0.4766666666666667,0.476195242384813,0.523804757615187,1200,0,300,pending,liblinear,300,1.0
negation,negation_probe,bert-base-uncased,data/css_pairs/neg_1500.jsonl,10,11,random,sentence_mean,1.0,1.0,1.0,,0.48333333333333334,0.48332759252880586,0.5166724074711941,1200,0,300,pending,liblinear,300,1.0
negation,negation_probe,bert-base-uncased,data/css_pairs/neg_1500.jsonl,10,13,random,sentence_mean,1.0,1.0,1.0,,0.49,0.4899943332703697,0.5100056667296303,1200,0,300,pending,liblinear,300,1.0
negation,negation_probe,bert-base-uncased,data/css_pairs/neg_1500.jsonl,10,17,random,sentence_mean,1.0,1.0,1.0,,0.48333333333333334,0.4831897749374826,0.5168102250625174,1200,0,300,pending,liblinear,300,1.0
negation,negation_probe,bert-base-uncased,data/css_pairs/neg_1500.jsonl,10,19,random,sentence_mean,1.0,1.0,1.0,,0.48333333333333334,0.4831897749374826,0.5168102250625174,1200,0,300,pending,liblinear,300,1.0
negation,negation_probe,bert-base-uncased,data/css_pairs/neg_1500.jsonl,10,23,random,sentence_mean,1.0,1.0,1.0,,0.4533333333333333,0.45272525027808674,0.5472747497219133,1200,0,300,pending,liblinear,300,1.0
negation,negation_probe,bert-base-uncased,data/css_pairs/neg_1500.jsonl,11,11,random,sentence_mean,1.0,1.0,1.0,,0.55,0.5493941855160827,0.45060581448391734,1200,0,300,pending,liblinear,300,1.0
negation,negation_probe,bert-base-uncased,data/css_pairs/neg_1500.jsonl,11,13,random,sentence_mean,1.0,1.0,1.0,,0.4866666666666667,0.4865753911806543,0.5134246088193457,1200,0,300,pending,liblinear,300,1.0
negation,negation_probe,bert-base-uncased,data/css_pairs/neg_1500.jsonl,11,17,random,sentence_mean,1.0,1.0,1.0,,0.5033333333333333,0.5030627786239175,0.49693722137608254,1200,0,300,pending,liblinear,300,1.0
negation,negation_probe,bert-base-uncased,data/css_pairs/neg_1500.jsonl,11,19,random,sentence_mean,1.0,1.0,1.0,,0.4666666666666667,0.4665718349928876,0.5334281650071124,1200,0,300,pending,liblinear,300,1.0
negation,negation_probe,bert-base-uncased,data/css_pairs/neg_1500.jsonl,11,23,random,sentence_mean,1.0,1.0,1.0,,0.4533333333333333,0.4533333333333333,0.5466666666666666,1200,0,300,pending,liblinear,300,1.0
negation,negation_probe,bert-base-uncased,data/css_pairs/neg_1500.jsonl,12,11,random,sentence_mean,1.0,1.0,1.0,,0.5266666666666666,0.5266666666666666,0.4733333333333334,1200,0,300,pending,liblinear,300,1.0
negation,negation_probe,bert-base-uncased,data/css_pairs/neg_1500.jsonl,12,13,random,sentence_mean,1.0,1.0,1.0,,0.47,0.46985273687135315,0.5301472631286468,1200,0,300,pending,liblinear,300,1.0
negation,negation_probe,bert-base-uncased,data/css_pairs/neg_1500.jsonl,12,17,random,sentence_mean,1.0,1.0,1.0,,0.5,0.4994438264738599,0.5005561735261401,1200,0,300,pending,liblinear,300,1.0
negation,negation_probe,bert-base-uncased,data/css_pairs/neg_1500.jsonl,12,19,random,sentence_mean,1.0,1.0,1.0,,0.47,0.46994699469946993,0.5300530053005301,1200,0,300,pending,liblinear,300,1.0
negation,negation_probe,bert-base-uncased,data/css_pairs/neg_1500.jsonl,12,23,random,sentence_mean,1.0,1.0,1.0,,0.4166666666666667,0.4163489010683594,0.5836510989316406,1200,0,300,pending,liblinear,300,1.0
role_reversal,role_probe,bert-base-uncased,data/css_pairs/role_1500.jsonl,0,11,random,span_vector,1.0,1.0,1.0,,0.5391666666666667,0.534743825154542,0.465256174845458,4800,0,1200,pending,liblinear,300,1.0
role_reversal,role_probe,bert-base-uncased,data/css_pairs/role_1500.jsonl,0,13,random,span_vector,1.0,1.0,1.0,,0.4191666666666667,0.4189532126732668,0.5810467873267332,4800,0,1200,pending,liblinear,300,1.0
role_reversal,role_probe,bert-base-uncased,data/css_pairs/role_1500.jsonl,0,17,random,span_vector,1.0,1.0,1.0,,0.5591666666666667,0.5553622347880721,0.4446377652119279,4800,0,1200,pending,liblinear,300,1.0
role_reversal,role_probe,bert-base-uncased,data/css_pairs/role_1500.jsonl,0,19,random,span_vector,1.0,1.0,1.0,,0.4325,0.43207050331813435,0.5679294966818657,4800,0,1200,pending,liblinear,300,1.0
role_reversal,role_probe,bert-base-uncased,data/css_pairs/role_1500.jsonl,0,23,random,span_vector,1.0,1.0,1.0,,0.545,0.545,0.45499999999999996,4800,0,1200,pending,liblinear,300,1.0
role_reversal,role_probe,bert-base-uncased,data/css_pairs/role_1500.jsonl,1,11,random,span_vector,1.0,1.0,1.0,,0.5108333333333334,0.5108248407090401,0.4891751592909599,4800,0,1200,pending,liblinear,300,1.0
role_reversal,role_probe,bert-base-uncased,data/css_pairs/role_1500.jsonl,1,13,random,span_vector,1.0,1.0,1.0,,0.505,0.5049779990221788,0.49502200097782123,4800,0,1200,pending,liblinear,300,1.0
role_reversal,role_probe,bert-base-uncased,data/css_pairs/role_1500.jsonl,1,17,random,span_vector,1.0,1.0,0.9999999999999999,,0.4666666666666667,0.46664296190941823,0.5333570380905818,4800,0,1200,pending,liblinear,300,1.0
role_reversal,role_probe,bert-base-uncased,data/css_pairs/role_1500.jsonl,1,19,random,span_vector,1.0,1.0,0.9999999999999999,,0.505,0.5047675158616128,0.49523248413838716,4800,0,1200,pending,liblinear,300,1.0
role_reversal,role_probe,bert-base-uncased,data/css_pairs/role_1500.jsonl,1,23,random,span_vector,1.0,1.0,0.9999999999999999,,0.5066666666666667,0.5066652962924897,0.4933347037075103,4800,0,1200,pending,liblinear,300,1.0
role_reversal,role_probe,bert-base-uncased,data/css_pairs/role_1500.jsonl,2,11,random,span_vector,1.0,1.0,1.0,,0.5191666666666667,0.5190915247174037,0.4809084752825963,4800,0,1200,pending,liblinear,300,1.0
role_reversal,role_probe,bert-base-uncased,data/css_pairs/role_1500.jsonl,2,13,random,span_vector,1.0,1.0,1.0,,0.4875,0.48747117025332676,0.5125288297466732,4800,0,1200,pending,liblinear,300,1.0
role_reversal,role_probe,bert-base-uncased,data/css_pairs/role_1500.jsonl,2,17,random,span_vector,1.0,1.0,1.0,,0.4841666666666667,0.48414911340733124,0.5158508865926688,4800,0,1200,pending,liblinear,300,1.0
role_reversal,role_probe,bert-base-uncased,data/css_pairs/role_1500.jsonl,2,19,random,span_vector,1.0,1.0,1.0,,0.5091666666666667,0.5090681393696375,0.49093186063036254,4800,0,1200,pending,liblinear,300,1.0
role_reversal,role_probe,bert-base-uncased,data/css_pairs/role_1500.jsonl,2,23,random,span_vector,1.0,1.0,1.0,,0.515,0.5148652403445402,0.4851347596554598,4800,0,1200,pending,liblinear,300,1.0
role_reversal,role_probe,bert-base-uncased,data/css_pairs/role_1500.jsonl,3,11,random,span_vector,1.0,1.0,1.0,,0.5008333333333334,0.5007081636438023,0.49929183635619767,4800,0,1200,pending,liblinear,300,1.0
role_reversal,role_probe,bert-base-uncased,data/css_pairs/role_1500.jsonl,3,13,random,span_vector,1.0,1.0,1.0,,0.51,0.509769864186243,0.49023013581375696,4800,0,1200,pending,liblinear,300,1.0
role_reversal,role_probe,bert-base-uncased,data/css_pairs/role_1500.jsonl,3,17,random,span_vector,1.0,1.0,0.9999999999999999,,0.485,0.48499427771419684,0.5150057222858031,4800,0,1200,pending,liblinear,300,1.0
role_reversal,role_probe,bert-base-uncased,data/css_pairs/role_1500.jsonl,3,19,random,span_vector,1.0,1.0,1.0,,0.49666666666666665,0.496497433859714,0.503502566140286,4800,0,1200,pending,liblinear,300,1.0
role_reversal,role_probe,bert-base-uncased,data/css_pairs/role_1500.jsonl,3,23,random,span_vector,1.0,1.0,0.9999999999999999,,0.5208333333333334,0.5205133425848778,0.4794866574151222,4800,0,1200,pending,liblinear,300,1.0
role_reversal,role_probe,bert-base-uncased,data/css_pairs/role_1500.jsonl,4,11,random,span_vector,1.0,1.0,1.0,,0.5158333333333334,0.5156850118682179,0.4843149881317821,4800,0,1200,pending,liblinear,300,1.0
role_reversal,role_probe,bert-base-uncased,data/css_pairs/role_1500.jsonl,4,13,random,span_vector,1.0,1.0,1.0,,0.5058333333333334,0.5058302447723632,0.49416975522763684,4800,0,1200,pending,liblinear,300,1.0
role_reversal,role_probe,bert-base-uncased,data/css_pairs/role_1500.jsonl,4,17,random,span_vector,1.0,1.0,1.0,,0.47833333333333333,0.47800708776318535,0.5219929122368147,4800,0,1200,pending,liblinear,300,1.0
role_reversal,role_probe,bert-base-uncased,data/css_pairs/role_1500.jsonl,4,19,random,span_vector,1.0,1.0,1.0,,0.4975,0.49720635454456386,0.5027936454554361,4800,0,1200,pending,liblinear,300,1.0
role_reversal,role_probe,bert-base-uncased,data/css_pairs/role_1500.jsonl,4,23,random,span_vector,1.0,1.0,1.0,,0.5141666666666667,0.5141096420343776,0.4858903579656224,4800,0,1200,pending,liblinear,300,1.0
role_reversal,role_probe,bert-base-uncased,data/css_pairs/role_1500.jsonl,5,11,random,span_vector,1.0,1.0,1.0,,0.48583333333333334,0.4857729830792642,0.5142270169207358,4800,0,1200,pending,liblinear,300,1.0
role_reversal,role_probe,bert-base-uncased,data/css_pairs/role_1500.jsonl,5,13,random,span_vector,1.0,1.0,1.0,,0.4825,0.4822752930959618,0.5177247069040383,4800,0,1200,pending,liblinear,300,1.0
role_reversal,role_probe,bert-base-uncased,data/css_pairs/role_1500.jsonl,5,17,random,span_vector,1.0,1.0,1.0,,0.49083333333333334,0.4908301510217772,0.5091698489782228,4800,0,1200,pending,liblinear,300,1.0
role_reversal,role_probe,bert-base-uncased,data/css_pairs/role_1500.jsonl,5,19,random,span_vector,1.0,1.0,0.9999999999999999,,0.49333333333333335,0.49326436098246706,0.5067356390175329,4800,0,1200,pending,liblinear,300,1.0
role_reversal,role_probe,bert-base-uncased,data/css_pairs/role_1500.jsonl,5,23,random,span_vector,1.0,1.0,1.0,,0.5216666666666666,0.5216613517927977,0.4783386482072023,4800,0,1200,pending,liblinear,300,1.0
role_reversal,role_probe,bert-base-uncased,data/css_pairs/role_1500.jsonl,6,11,random,span_vector,1.0,1.0,1.0,,0.4866666666666667,0.48655114067331817,0.5134488593266818,4800,0,1200,pending,liblinear,300,1.0
role_reversal,role_probe,bert-base-uncased,data/css_pairs/role_1500.jsonl,6,13,random,span_vector,1.0,1.0,1.0,,0.49583333333333335,0.49570690985726285,0.5042930901427372,4800,0,1200,pending,liblinear,300,1.0
role_reversal,role_probe,bert-base-uncased,data/css_pairs/role_1500.jsonl,6,17,random,span_vector,1.0,1.0,1.0,,0.49333333333333335,0.4929727806440135,0.5070272193559865,4800,0,1200,pending,liblinear,300,1.0
role_reversal,role_probe,bert-base-uncased,data/css_pairs/role_1500.jsonl,6,19,random,span_vector,1.0,1.0,1.0,,0.5075,0.5072505455887042,0.4927494544112958,4800,0,1200,pending,liblinear,300,1.0
role_reversal,role_probe,bert-base-uncased,data/css_pairs/role_1500.jsonl,6,23,random,span_vector,1.0,1.0,1.0,,0.5158333333333334,0.5158249275161028,0.48417507248389724,4800,0,1200,pending,liblinear,300,1.0
role_reversal,role_probe,bert-base-uncased,data/css_pairs/role_1500.jsonl,7,11,random,span_vector,1.0,1.0,1.0,,0.495,0.4946841776110069,0.5053158223889931,4800,0,1200,pending,liblinear,300,1.0
role_reversal,role_probe,bert-base-uncased,data/css_pairs/role_1500.jsonl,7,13,random,span_vector,1.0,1.0,1.0,,0.5133333333333333,0.5133333333333333,0.4866666666666667,4800,0,1200,pending,liblinear,300,1.0
role_reversal,role_probe,bert-base-uncased,data/css_pairs/role_1500.jsonl,7,17,random,span_vector,1.0,1.0,1.0,,0.48,0.4798555154209503,0.5201444845790497,4800,0,1200,pending,liblinear,300,1.0
role_reversal,role_probe,bert-base-uncased,data/css_pairs/role_1500.jsonl,7,19,random,span_vector,1.0,1.0,1.0,,0.5066666666666667,0.5063979277606697,0.4936020722393303,4800,0,1200,pending,liblinear,300,1.0
role_reversal,role_probe,bert-base-uncased,data/css_pairs/role_1500.jsonl,7,23,random,span_vector,1.0,1.0,0.9999999999999999,,0.53,0.5299360190692621,0.47006398093073787,4800,0,1200,pending,liblinear,300,1.0
role_reversal,role_probe,bert-base-uncased,data/css_pairs/role_1500.jsonl,8,11,random,span_vector,1.0,1.0,1.0,,0.5041666666666667,0.5039155239006414,0.4960844760993586,4800,0,1200,pending,liblinear,300,1.0
role_reversal,role_probe,bert-base-uncased,data/css_pairs/role_1500.jsonl,8,13,random,span_vector,1.0,1.0,1.0,,0.49833333333333335,0.4983277591973244,0.5016722408026756,4800,0,1200,pending,liblinear,300,1.0
role_reversal,role_probe,bert-base-uncased,data/css_pairs/role_1500.jsonl,8,17,random,span_vector,1.0,1.0,1.0,,0.4841666666666667,0.4840086443139878,0.5159913556860122,4800,0,1200,pending,liblinear,300,1.0
role_reversal,role_probe,bert-base-uncased,data/css_pairs/role_1500.jsonl,8,19,random,span_vector,1.0,1.0,1.0,,0.5033333333333333,0.5027241704421249,0.4972758295578751,4800,0,1200,pending,liblinear,300,1.0
role_reversal,role_probe,bert-base-uncased,data/css_pairs/role_1500.jsonl,8,23,random,span_vector,1.0,1.0,1.0,,0.5175,0.5173790095989341,0.4826209904010659,4800,0,1200,pending,liblinear,300,1.0
role_reversal,role_probe,bert-base-uncased,data/css_pairs/role_1500.jsonl,9,11,random,span_vector,1.0,1.0,0.9999999999999999,,0.5116666666666667,0.5113612674588284,0.4886387325411716,4800,0,1200,pending,liblinear,300,1.0
role_reversal,role_probe,bert-base-uncased,data/css_pairs/role_1500.jsonl,9,13,random,span_vector,1.0,1.0,1.0,,0.5041666666666667,0.5041497939860453,0.4958502060139547,4800,0,1200,pending,liblinear,300,1.0
role_reversal,role_probe,bert-base-uncased,data/css_pairs/role_1500.jsonl,9,17,random,span_vector,1.0,1.0,1.0,,0.49916666666666665,0.49915797149256064,0.5008420285074393,4800,0,1200,pending,liblinear,300,1.0
role_reversal,role_probe,bert-base-uncased,data/css_pairs/role_1500.jsonl,9,19,random,span_vector,1.0,1.0,1.0,,0.5025,0.5018603748841395,0.4981396251158605,4800,0,1200,pending,liblinear,300,1.0
role_reversal,role_probe,bert-base-uncased,data/css_pairs/role_1500.jsonl,9,23,random,span_vector,1.0,1.0,1.0,,0.49666666666666665,0.4966163282994966,0.5033836717005034,4800,0,1200,pending,liblinear,300,1.0
role_reversal,role_probe,bert-base-uncased,data/css_pairs/role_1500.jsonl,10,11,random,span_vector,1.0,1.0,1.0,,0.49583333333333335,0.4948479360085055,0.5051520639914945,4800,0,1200,pending,liblinear,300,1.0
role_reversal,role_probe,bert-base-uncased,data/css_pairs/role_1500.jsonl,10,13,random,span_vector,1.0,1.0,1.0,,0.48583333333333334,0.48573012222591894,0.5142698777740811,4800,0,1200,pending,liblinear,300,1.0
role_reversal,role_probe,bert-base-uncased,data/css_pairs/role_1500.jsonl,10,17,random,span_vector,1.0,1.0,1.0,,0.5066666666666667,0.5065995093776653,0.4934004906223347,4800,0,1200,pending,liblinear,300,1.0
role_reversal,role_probe,bert-base-uncased,data/css_pairs/role_1500.jsonl,10,19,random,span_vector,1.0,1.0,1.0,,0.5033333333333333,0.5032215581839248,0.4967784418160752,4800,0,1200,pending,liblinear,300,1.0
role_reversal,role_probe,bert-base-uncased,data/css_pairs/role_1500.jsonl,10,23,random,span_vector,1.0,1.0,1.0,,0.4975,0.49749965104142435,0.5025003489585756,4800,0,1200,pending,liblinear,300,1.0
role_reversal,role_probe,bert-base-uncased,data/css_pairs/role_1500.jsonl,11,11,random,span_vector,1.0,1.0,1.0,,0.5008333333333334,0.5007081636438023,0.49929183635619767,4800,0,1200,pending,liblinear,300,1.0
role_reversal,role_probe,bert-base-uncased,data/css_pairs/role_1500.jsonl,11,13,random,span_vector,1.0,1.0,1.0,,0.4741666666666667,0.47371896231168875,0.5262810376883112,4800,0,1200,pending,liblinear,300,1.0
role_reversal,role_probe,bert-base-uncased,data/css_pairs/role_1500.jsonl,11,17,random,span_vector,1.0,1.0,1.0,,0.49583333333333335,0.49570690985726285,0.5042930901427372,4800,0,1200,pending,liblinear,300,1.0
role_reversal,role_probe,bert-base-uncased,data/css_pairs/role_1500.jsonl,11,19,random,span_vector,1.0,1.0,1.0,,0.5141666666666667,0.5140691430432913,0.4859308569567087,4800,0,1200,pending,liblinear,300,1.0
role_reversal,role_probe,bert-base-uncased,data/css_pairs/role_1500.jsonl,11,23,random,span_vector,1.0,1.0,1.0,,0.5233333333333333,0.5228031145717464,0.47719688542825356,4800,0,1200,pending,liblinear,300,1.0
role_reversal,role_probe,bert-base-uncased,data/css_pairs/role_1500.jsonl,12,11,random,span_vector,1.0,1.0,1.0,,0.5075,0.5073190081634156,0.4926809918365844,4800,0,1200,pending,liblinear,300,1.0
role_reversal,role_probe,bert-base-uncased,data/css_pairs/role_1500.jsonl,12,13,random,span_vector,1.0,1.0,1.0,,0.49,0.4899093172119488,0.5100906827880511,4800,0,1200,pending,liblinear,300,1.0
role_reversal,role_probe,bert-base-uncased,data/css_pairs/role_1500.jsonl,12,17,random,span_vector,1.0,1.0,1.0,,0.49833333333333335,0.49819394276187834,0.5018060572381217,4800,0,1200,pending,liblinear,300,1.0
role_reversal,role_probe,bert-base-uncased,data/css_pairs/role_1500.jsonl,12,19,random,span_vector,1.0,1.0,1.0,,0.48583333333333334,0.4855729046162953,0.5144270953837047,4800,0,1200,pending,liblinear,300,1.0
role_reversal,role_probe,bert-base-uncased,data/css_pairs/role_1500.jsonl,12,23,random,span_vector,1.0,1.0,1.0,,0.5158333333333334,0.5157765043258549,0.48422349567414513,4800,0,1200,pending,liblinear,300,1.0
negation,negation_probe,gpt2,data/css_pairs/neg_1500.jsonl,0,11,random,sentence_mean,1.0,1.0,1.0,,1.0,1.0,0.0,1200,0,300,pending,liblinear,300,1.0
negation,negation_probe,gpt2,data/css_pairs/neg_1500.jsonl,0,13,random,sentence_mean,1.0,1.0,1.0,,0.0,0.0,1.0,1200,0,300,pending,liblinear,300,1.0
negation,negation_probe,gpt2,data/css_pairs/neg_1500.jsonl,0,17,random,sentence_mean,1.0,1.0,1.0,,0.0,0.0,1.0,1200,0,300,pending,liblinear,300,1.0
negation,negation_probe,gpt2,data/css_pairs/neg_1500.jsonl,0,19,random,sentence_mean,1.0,1.0,1.0,,0.0,0.0,1.0,1200,0,300,pending,liblinear,300,1.0
negation,negation_probe,gpt2,data/css_pairs/neg_1500.jsonl,0,23,random,sentence_mean,1.0,1.0,1.0,,1.0,1.0,0.0,1200,0,300,pending,liblinear,300,1.0
negation,negation_probe,gpt2,data/css_pairs/neg_1500.jsonl,1,11,random,sentence_mean,1.0,1.0,1.0,,0.5733333333333334,0.5730297100160113,0.42697028998398867,1200,0,300,pending,liblinear,300,1.0
negation,negation_probe,gpt2,data/css_pairs/neg_1500.jsonl,1,13,random,sentence_mean,1.0,1.0,1.0,,0.4066666666666667,0.4065611664295875,0.5934388335704125,1200,0,300,pending,liblinear,300,1.0
negation,negation_probe,gpt2,data/css_pairs/neg_1500.jsonl,1,17,random,sentence_mean,1.0,1.0,1.0,,0.4766666666666667,0.476195242384813,0.523804757615187,1200,0,300,pending,liblinear,300,1.0
negation,negation_probe,gpt2,data/css_pairs/neg_1500.jsonl,1,19,random,sentence_mean,1.0,1.0,1.0,,0.46,0.4591346153846154,0.5408653846153846,1200,0,300,pending,liblinear,300,1.0
negation,negation_probe,gpt2,data/css_pairs/neg_1500.jsonl,1,23,random,sentence_mean,1.0,1.0,1.0,,0.5066666666666667,0.5064692543684141,0.49353074563158594,1200,0,300,pending,liblinear,300,1.0
negation,negation_probe,gpt2,data/css_pairs/neg_1500.jsonl,2,11,random,sentence_mean,1.0,1.0,1.0,,0.5666666666666667,0.5651010303760203,0.43489896962397967,1200,0,300,pending,liblinear,300,1.0
negation,negation_probe,gpt2,data/css_pairs/neg_1500.jsonl,2,13,random,sentence_mean,1.0,1.0,1.0,,0.41,0.4098360655737705,0.5901639344262295,1200,0,300,pending,liblinear,300,1.0
negation,negation_probe,gpt2,data/css_pairs/neg_1500.jsonl,2,17,random,sentence_mean,1.0,1.0,1.0,,0.49666666666666665,0.4965268130036121,0.5034731869963879,1200,0,300,pending,liblinear,300,1.0
negation,negation_probe,gpt2,data/css_pairs/neg_1500.jsonl,2,19,random,sentence_mean,1.0,1.0,1.0,,0.48333333333333334,0.482867914456344,0.517132085543656,1200,0,300,pending,liblinear,300,1.0
negation,negation_probe,gpt2,data/css_pairs/neg_1500.jsonl,2,23,random,sentence_mean,1.0,1.0,1.0,,0.47333333333333333,0.472958548301014,0.527041451698986,1200,0,300,pending,liblinear,300,1.0
negation,negation_probe,gpt2,data/css_pairs/neg_1500.jsonl,3,11,random,sentence_mean,1.0,1.0,1.0,,0.55,0.5498749652681301,0.45012503473186993,1200,0,300,pending,liblinear,300,1.0
negation,negation_probe,gpt2,data/css_pairs/neg_1500.jsonl,3,13,random,sentence_mean,1.0,1.0,1.0,,0.43333333333333335,0.4320965658545276,0.5679034341454724,1200,0,300,pending,liblinear,300,1.0
negation,negation_probe,gpt2,data/css_pairs/neg_1500.jsonl,3,17,random,sentence_mean,1.0,1.0,1.0,,0.47333333333333333,0.47323968705547653,0.5267603129445235,1200,0,300,pending,liblinear,300,1.0
negation,negation_probe,gpt2,data/css_pairs/neg_1500.jsonl,3,19,random,sentence_mean,1.0,1.0,1.0,,0.42,0.41873413210992827,0.5812658678900717,1200,0,300,pending,liblinear,300,1.0
negation,negation_probe,gpt2,data/css_pairs/neg_1500.jsonl,3,23,random,sentence_mean,1.0,1.0,1.0,,0.4666666666666667,0.46664296190941823,0.5333570380905818,1200,0,300,pending,liblinear,300,1.0
negation,negation_probe,gpt2,data/css_pairs/neg_1500.jsonl,4,11,random,sentence_mean,1.0,1.0,1.0,,0.5366666666666666,0.5365379272020006,0.46346207279799945,1200,0,300,pending,liblinear,300,1.0
negation,negation_probe,gpt2,data/css_pairs/neg_1500.jsonl,4,13,random,sentence_mean,1.0,1.0,1.0,,0.48,0.4797919167667067,0.5202080832332934,1200,0,300,pending,liblinear,300,1.0
negation,negation_probe,gpt2,data/css_pairs/neg_1500.jsonl,4,17,random,sentence_mean,1.0,1.0,1.0,,0.5133333333333333,0.5119450882510251,0.48805491174897486,1200,0,300,pending,liblinear,300,1.0
negation,negation_probe,gpt2,data/css_pairs/neg_1500.jsonl,4,19,random,sentence_mean,1.0,1.0,1.0,,0.5166666666666667,0.5154553049289892,0.48454469507101083,1200,0,300,pending,liblinear,300,1.0
negation,negation_probe,gpt2,data/css_pairs/neg_1500.jsonl,4,23,random,sentence_mean,1.0,1.0,1.0,,0.47,0.46985273687135315,0.5301472631286468,1200,0,300,pending,liblinear,300,1.0
negation,negation_probe,gpt2,data/css_pairs/neg_1500.jsonl,5,11,random,sentence_mean,1.0,1.0,1.0,,0.5366666666666666,0.5351740589225401,0.4648259410774599,1200,0,300,pending,liblinear,300,1.0
negation,negation_probe,gpt2,data/css_pairs/neg_1500.jsonl,5,13,random,sentence_mean,1.0,1.0,1.0,,0.46,0.46,0.54,1200,0,300,pending,liblinear,300,1.0
negation,negation_probe,gpt2,data/css_pairs/neg_1500.jsonl,5,17,random,sentence_mean,1.0,1.0,1.0,,0.49666666666666665,0.49598905194761844,0.5040109480523816,1200,0,300,pending,liblinear,300,1.0
negation,negation_probe,gpt2,data/css_pairs/neg_1500.jsonl,5,19,random,sentence_mean,1.0,1.0,1.0,,0.5,0.4981934965877158,0.5018065034122843,1200,0,300,pending,liblinear,300,1.0
negation,negation_probe,gpt2,data/css_pairs/neg_1500.jsonl,5,23,random,sentence_mean,1.0,1.0,1.0,,0.49666666666666665,0.4965268130036121,0.5034731869963879,1200,0,300,pending,liblinear,300,1.0
negation,negation_probe,gpt2,data/css_pairs/neg_1500.jsonl,6,11,random,sentence_mean,1.0,1.0,1.0,,0.5033333333333333,0.5030627786239175,0.49693722137608254,1200,0,300,pending,liblinear,300,1.0
negation,negation_probe,gpt2,data/css_pairs/neg_1500.jsonl,6,13,random,sentence_mean,1.0,1.0,1.0,,0.51,0.5099945554950611,0.4900054445049389,1200,0,300,pending,liblinear,300,1.0
negation,negation_probe,gpt2,data/css_pairs/neg_1500.jsonl,6,17,random,sentence_mean,1.0,1.0,1.0,,0.5066666666666667,0.5066447397662119,0.49335526023378806,1200,0,300,pending,liblinear,300,1.0
negation,negation_probe,gpt2,data/css_pairs/neg_1500.jsonl,6,19,random,sentence_mean,1.0,1.0,1.0,,0.47333333333333333,0.472958548301014,0.527041451698986,1200,0,300,pending,liblinear,300,1.0
negation,negation_probe,gpt2,data/css_pairs/neg_1500.jsonl,6,23,random,sentence_mean,1.0,1.0,1.0,,0.5233333333333333,0.523200889135871,0.47679911086412896,1200,0,300,pending,liblinear,300,1.0
negation,negation_probe,gpt2,data/css_pairs/neg_1500.jsonl,7,11,random,sentence_mean,1.0,1.0,1.0,,0.5333333333333333,0.5332503556187767,0.46674964438122335,1200,0,300,pending,liblinear,300,1.0
negation,negation_probe,gpt2,data/css_pairs/neg_1500.jsonl,7,13,random,sentence_mean,1.0,1.0,1.0,,0.47,0.46952257031328193,0.5304774296867181,1200,0,300,pending,liblinear,300,1.0
negation,negation_probe,gpt2,data/css_pairs/neg_1500.jsonl,7,17,random,sentence_mean,1.0,1.0,1.0,,0.53,0.5291157840834456,0.4708842159165544,1200,0,300,pending,liblinear,300,1.0
negation,negation_probe,gpt2,data/css_pairs/neg_1500.jsonl,7,19,random,sentence_mean,1.0,1.0,1.0,,0.45666666666666667,0.4566606295625507,0.5433393704374493,1200,0,300,pending,liblinear,300,1.0
negation,negation_probe,gpt2,data/css_pairs/neg_1500.jsonl,7,23,random,sentence_mean,1.0,1.0,1.0,,0.52,0.5199146514935988,0.48008534850640117,1200,0,300,pending,liblinear,300,1.0
negation,negation_probe,gpt2,data/css_pairs/neg_1500.jsonl,8,11,random,sentence_mean,1.0,1.0,1.0,,0.5366666666666666,0.5366203286995366,0.4633796713004634,1200,0,300,pending,liblinear,300,1.0
negation,negation_probe,gpt2,data/css_pairs/neg_1500.jsonl,8,13,random,sentence_mean,1.0,1.0,1.0,,0.45,0.4497003924358818,0.5502996075641182,1200,0,300,pending,liblinear,300,1.0
negation,negation_probe,gpt2,data/css_pairs/neg_1500.jsonl,8,17,random,sentence_mean,1.0,1.0,1.0,,0.5066666666666667,0.5066447397662119,0.49335526023378806,1200,0,300,pending,liblinear,300,1.0
negation,negation_probe,gpt2,data/css_pairs/neg_1500.jsonl,8,19,random,sentence_mean,1.0,1.0,1.0,,0.49333333333333335,0.4922275177052247,0.5077724822947753,1200,0,300,pending,liblinear,300,1.0
negation,negation_probe,gpt2,data/css_pairs/neg_1500.jsonl,8,23,random,sentence_mean,1.0,1.0,1.0,,0.49333333333333335,0.49276974416017794,0.5072302558398221,1200,0,300,pending,liblinear,300,1.0
negation,negation_probe,gpt2,data/css_pairs/neg_1500.jsonl,9,11,random,sentence_mean,1.0,1.0,1.0,,0.5266666666666666,0.5264772575696945,0.47352274243030545,1200,0,300,pending,liblinear,300,1.0
negation,negation_probe,gpt2,data/css_pairs/neg_1500.jsonl,9,13,random,sentence_mean,1.0,1.0,1.0,,0.48,0.47990753911806544,0.5200924608819346,1200,0,300,pending,liblinear,300,1.0
negation,negation_probe,gpt2,data/css_pairs/neg_1500.jsonl,9,17,random,sentence_mean,1.0,1.0,1.0,,0.49666666666666665,0.4966163282994966,0.5033836717005034,1200,0,300,pending,liblinear,300,1.0
negation,negation_probe,gpt2,data/css_pairs/neg_1500.jsonl,9,19,random,sentence_mean,1.0,1.0,1.0,,0.4766666666666667,0.4765212559044179,0.5234787440955821,1200,0,300,pending,liblinear,300,1.0
negation,negation_probe,gpt2,data/css_pairs/neg_1500.jsonl,9,23,random,sentence_mean,1.0,1.0,1.0,,0.5133333333333333,0.5122711683221237,0.4877288316778763,1200,0,300,pending,liblinear,300,1.0
negation,negation_probe,gpt2,data/css_pairs/neg_1500.jsonl,10,11,random,sentence_mean,1.0,1.0,1.0,,0.5533333333333333,0.553015477673012,0.44698452232698804,1200,0,300,pending,liblinear,300,1.0
negation,negation_probe,gpt2,data/css_pairs/neg_1500.jsonl,10,13,random,sentence_mean,1.0,1.0,1.0,,0.5033333333333333,0.5032836616995033,0.49671633830049666,1200,0,300,pending,liblinear,300,1.0
negation,negation_probe,gpt2,data/css_pairs/neg_1500.jsonl,10,17,random,sentence_mean,1.0,1.0,1.0,,0.5566666666666666,0.5566223288995567,0.44337767110044335,1200,0,300,pending,liblinear,300,1.0
negation,negation_probe,gpt2,data/css_pairs/neg_1500.jsonl,10,19,random,sentence_mean,1.0,1.0,1.0,,0.51,0.5098638510697415,0.4901361489302585,1200,0,300,pending,liblinear,300,1.0
negation,negation_probe,gpt2,data/css_pairs/neg_1500.jsonl,10,23,random,sentence_mean,1.0,1.0,1.0,,0.49,0.48872180451127817,0.5112781954887218,1200,0,300,pending,liblinear,300,1.0
negation,negation_probe,gpt2,data/css_pairs/neg_1500.jsonl,11,11,random,sentence_mean,1.0,1.0,1.0,,0.5266666666666666,0.5259081196581197,0.4740918803418803,1200,0,300,pending,liblinear,300,1.0
negation,negation_probe,gpt2,data/css_pairs/neg_1500.jsonl,11,13,random,sentence_mean,1.0,1.0,1.0,,0.49,0.48985829397054736,0.5101417060294526,1200,0,300,pending,liblinear,300,1.0
negation,negation_probe,gpt2,data/css_pairs/neg_1500.jsonl,11,17,random,sentence_mean,1.0,1.0,1.0,,0.57,0.5699952221691351,0.4300047778308649,1200,0,300,pending,liblinear,300,1.0
negation,negation_probe,gpt2,data/css_pairs/neg_1500.jsonl,11,19,random,sentence_mean,1.0,1.0,1.0,,0.51,0.5099945554950611,0.4900054445049389,1200,0,300,pending,liblinear,300,1.0
negation,negation_probe,gpt2,data/css_pairs/neg_1500.jsonl,11,23,random,sentence_mean,1.0,1.0,1.0,,0.5066666666666667,0.506578947368421,0.493421052631579,1200,0,300,pending,liblinear,300,1.0
negation,negation_probe,gpt2,data/css_pairs/neg_1500.jsonl,12,11,random,sentence_mean,1.0,1.0,1.0,,0.5166666666666667,0.5162312748139992,0.4837687251860008,1200,0,300,pending,liblinear,300,1.0
negation,negation_probe,gpt2,data/css_pairs/neg_1500.jsonl,12,13,random,sentence_mean,1.0,1.0,1.0,,0.49666666666666665,0.4966163282994966,0.5033836717005034,1200,0,300,pending,liblinear,300,1.0
negation,negation_probe,gpt2,data/css_pairs/neg_1500.jsonl,12,17,random,sentence_mean,1.0,1.0,1.0,,0.5266666666666666,0.5263298345490126,0.4736701654509874,1200,0,300,pending,liblinear,300,1.0
negation,negation_probe,gpt2,data/css_pairs/neg_1500.jsonl,12,19,random,sentence_mean,1.0,1.0,1.0,,0.5333333333333333,0.5331465919701214,0.4668534080298786,1200,0,300,pending,liblinear,300,1.0
negation,negation_probe,gpt2,data/css_pairs/neg_1500.jsonl,12,23,random,sentence_mean,1.0,1.0,1.0,,0.4766666666666667,0.4759621268594444,0.5240378731405556,1200,0,300,pending,liblinear,300,1.0
negation,negation_probe,roberta-base,data/css_pairs/neg_1500.jsonl,0,11,random,sentence_mean,1.0,1.0,1.0,,0.59,0.5899954443938267,0.4100045556061733,1200,0,300,pending,liblinear,300,1.0
negation,negation_probe,roberta-base,data/css_pairs/neg_1500.jsonl,0,13,random,sentence_mean,1.0,1.0,1.0,,0.4533333333333333,0.4531145791649993,0.5468854208350007,1200,0,300,pending,liblinear,300,1.0
negation,negation_probe,roberta-base,data/css_pairs/neg_1500.jsonl,0,17,random,sentence_mean,1.0,1.0,1.0,,0.4,0.3999733321480955,0.6000266678519045,1200,0,300,pending,liblinear,300,1.0
negation,negation_probe,roberta-base,data/css_pairs/neg_1500.jsonl,0,19,random,sentence_mean,1.0,1.0,1.0,,0.38666666666666666,0.3865576102418208,0.6134423897581792,1200,0,300,pending,liblinear,300,1.0
negation,negation_probe,roberta-base,data/css_pairs/neg_1500.jsonl,0,23,random,sentence_mean,1.0,1.0,1.0,,0.48,0.47997688786168274,0.5200231121383172,1200,0,300,pending,liblinear,300,1.0
negation,negation_probe,roberta-base,data/css_pairs/neg_1500.jsonl,1,11,random,sentence_mean,1.0,1.0,1.0,,0.5133333333333333,0.5131385887688409,0.4868614112311591,1200,0,300,pending,liblinear,300,1.0
negation,negation_probe,roberta-base,data/css_pairs/neg_1500.jsonl,1,13,random,sentence_mean,1.0,1.0,1.0,,0.4766666666666667,0.4759621268594444,0.5240378731405556,1200,0,300,pending,liblinear,300,1.0
negation,negation_probe,roberta-base,data/css_pairs/neg_1500.jsonl,1,17,random,sentence_mean,1.0,1.0,1.0,,0.5566666666666666,0.5560698272121408,0.4439301727878592,1200,0,300,pending,liblinear,300,1.0
negation,negation_probe,roberta-base,data/css_pairs/neg_1500.jsonl,1,19,random,sentence_mean,1.0,1.0,1.0,,0.43333333333333335,0.4317168835799608,0.5682831164200393,1200,0,300,pending,liblinear,300,1.0
negation,negation_probe,roberta-base,data/css_pairs/neg_1500.jsonl,1,23,random,sentence_mean,1.0,1.0,1.0,,0.47333333333333333,0.472958548301014,0.527041451698986,1200,0,300,pending,liblinear,300,1.0
negation,negation_probe,roberta-base,data/css_pairs/neg_1500.jsonl,2,11,random,sentence_mean,1.0,1.0,1.0,,0.48333333333333334,0.48203842940685043,0.5179615705931495,1200,0,300,pending,liblinear,300,1.0
negation,negation_probe,roberta-base,data/css_pairs/neg_1500.jsonl,2,13,random,sentence_mean,1.0,1.0,1.0,,0.49333333333333335,0.4922275177052247,0.5077724822947753,1200,0,300,pending,liblinear,300,1.0
negation,negation_probe,roberta-base,data/css_pairs/neg_1500.jsonl,2,17,random,sentence_mean,1.0,1.0,1.0,,0.5233333333333333,0.5229039468855303,0.4770960531144697,1200,0,300,pending,liblinear,300,1.0
negation,negation_probe,roberta-base,data/css_pairs/neg_1500.jsonl,2,19,random,sentence_mean,1.0,1.0,1.0,,0.4766666666666667,0.47535505430242275,0.5246449456975772,1200,0,300,pending,liblinear,300,1.0
negation,negation_probe,roberta-base,data/css_pairs/neg_1500.jsonl,2,23,random,sentence_mean,1.0,1.0,1.0,,0.47,0.46829262855168263,0.5317073714483174,1200,0,300,pending,liblinear,300,1.0
negation,negation_probe,roberta-base,data/css_pairs/neg_1500.jsonl,3,11,random,sentence_mean,1.0,1.0,1.0,,0.54,0.5399795546468732,0.4600204453531268,1200,0,300,pending,liblinear,300,1.0
negation,negation_probe,roberta-base,data/css_pairs/neg_1500.jsonl,3,13,random,sentence_mean,1.0,1.0,1.0,,0.5033333333333333,0.5013331250906413,0.4986668749093587,1200,0,300,pending,liblinear,300,1.0
negation,negation_probe,roberta-base,data/css_pairs/neg_1500.jsonl,3,17,random,sentence_mean,1.0,1.0,1.0,,0.5566666666666666,0.5566617406860076,0.4433382593139924,1200,0,300,pending,liblinear,300,1.0
negation,negation_probe,roberta-base,data/css_pairs/neg_1500.jsonl,3,19,random,sentence_mean,1.0,1.0,1.0,,0.4633333333333333,0.4626108434673283,0.5373891565326717,1200,0,300,pending,liblinear,300,1.0
negation,negation_probe,roberta-base,data/css_pairs/neg_1500.jsonl,3,23,random,sentence_mean,1.0,1.0,1.0,,0.5,0.4996441914250134,0.5003558085749866,1200,0,300,pending,liblinear,300,1.0
negation,negation_probe,roberta-base,data/css_pairs/neg_1500.jsonl,4,11,random,sentence_mean,1.0,1.0,1.0,,0.4866666666666667,0.4864612511671335,0.5135387488328664,1200,0,300,pending,liblinear,300,1.0
negation,negation_probe,roberta-base,data/css_pairs/neg_1500.jsonl,4,13,random,sentence_mean,1.0,1.0,1.0,,0.4866666666666667,0.4865753911806543,0.5134246088193457,1200,0,300,pending,liblinear,300,1.0
negation,negation_probe,roberta-base,data/css_pairs/neg_1500.jsonl,4,17,random,sentence_mean,1.0,1.0,1.0,,0.49333333333333335,0.49324324324324326,0.5067567567567568,1200,0,300,pending,liblinear,300,1.0
negation,negation_probe,roberta-base,data/css_pairs/neg_1500.jsonl,4,19,random,sentence_mean,1.0,1.0,1.0,,0.47333333333333333,0.47323968705547653,0.5267603129445235,1200,0,300,pending,liblinear,300,1.0
negation,negation_probe,roberta-base,data/css_pairs/neg_1500.jsonl,4,23,random,sentence_mean,1.0,1.0,1.0,,0.5,0.4999110953058321,0.5000889046941679,1200,0,300,pending,liblinear,300,1.0
negation,negation_probe,roberta-base,data/css_pairs/neg_1500.jsonl,5,11,random,sentence_mean,1.0,1.0,1.0,,0.51,0.5098638510697415,0.4901361489302585,1200,0,300,pending,liblinear,300,1.0
negation,negation_probe,roberta-base,data/css_pairs/neg_1500.jsonl,5,13,random,sentence_mean,1.0,1.0,1.0,,0.4666666666666667,0.466453247965853,0.533546752034147,1200,0,300,pending,liblinear,300,1.0
negation,negation_probe,roberta-base,data/css_pairs/neg_1500.jsonl,5,17,random,sentence_mean,1.0,1.0,1.0,,0.55,0.5497548665384487,0.45024513346155126,1200,0,300,pending,liblinear,300,1.0
negation,negation_probe,roberta-base,data/css_pairs/neg_1500.jsonl,5,19,random,sentence_mean,1.0,1.0,1.0,,0.4766666666666667,0.4766608517872421,0.5233391482127578,1200,0,300,pending,liblinear,300,1.0
negation,negation_probe,roberta-base,data/css_pairs/neg_1500.jsonl,5,23,random,sentence_mean,1.0,1.0,1.0,,0.49333333333333335,0.49331081381394726,0.5066891861860527,1200,0,300,pending,liblinear,300,1.0
negation,negation_probe,roberta-base,data/css_pairs/neg_1500.jsonl,6,11,random,sentence_mean,1.0,1.0,1.0,,0.49333333333333335,0.491888037083259,0.508111962916741,1200,0,300,pending,liblinear,300,1.0
negation,negation_probe,roberta-base,data/css_pairs/neg_1500.jsonl,6,13,random,sentence_mean,1.0,1.0,1.0,,0.47333333333333333,0.47330992488555046,0.5266900751144495,1200,0,300,pending,liblinear,300,1.0
negation,negation_probe,roberta-base,data/css_pairs/neg_1500.jsonl,6,17,random,sentence_mean,1.0,1.0,1.0,,0.5433333333333333,0.5432064462350653,0.4567935537649347,1200,0,300,pending,liblinear,300,1.0
negation,negation_probe,roberta-base,data/css_pairs/neg_1500.jsonl,6,19,random,sentence_mean,1.0,1.0,1.0,,0.45,0.4499938888209869,0.5500061111790131,1200,0,300,pending,liblinear,300,1.0
negation,negation_probe,roberta-base,data/css_pairs/neg_1500.jsonl,6,23,random,sentence_mean,1.0,1.0,1.0,,0.5166666666666667,0.5166612962366248,0.4833387037633752,1200,0,300,pending,liblinear,300,1.0
negation,negation_probe,roberta-base,data/css_pairs/neg_1500.jsonl,7,11,random,sentence_mean,1.0,1.0,1.0,,0.5166666666666667,0.5166183284995166,0.4833816715004834,1200,0,300,pending,liblinear,300,1.0
negation,negation_probe,roberta-base,data/css_pairs/neg_1500.jsonl,7,13,random,sentence_mean,1.0,1.0,1.0,,0.45,0.4492595600752123,0.5507404399247877,1200,0,300,pending,liblinear,300,1.0
negation,negation_probe,roberta-base,data/css_pairs/neg_1500.jsonl,7,17,random,sentence_mean,1.0,1.0,1.0,,0.5366666666666666,0.5364142699914398,0.4635857300085602,1200,0,300,pending,liblinear,300,1.0
negation,negation_probe,roberta-base,data/css_pairs/neg_1500.jsonl,7,19,random,sentence_mean,1.0,1.0,1.0,,0.4533333333333333,0.45330903595715366,0.5466909640428463,1200,0,300,pending,liblinear,300,1.0
negation,negation_probe,roberta-base,data/css_pairs/neg_1500.jsonl,7,23,random,sentence_mean,1.0,1.0,1.0,,0.48333333333333334,0.4830518838034041,0.5169481161965959,1200,0,300,pending,liblinear,300,1.0
negation,negation_probe,roberta-base,data/css_pairs/neg_1500.jsonl,8,11,random,sentence_mean,1.0,1.0,1.0,,0.53,0.5293672604279086,0.4706327395720914,1200,0,300,pending,liblinear,300,1.0
negation,negation_probe,roberta-base,data/css_pairs/neg_1500.jsonl,8,13,random,sentence_mean,1.0,1.0,1.0,,0.45666666666666667,0.4566606295625507,0.5433393704374493,1200,0,300,pending,liblinear,300,1.0
negation,negation_probe,roberta-base,data/css_pairs/neg_1500.jsonl,8,17,random,sentence_mean,1.0,1.0,1.0,,0.4866666666666667,0.4852023533606703,0.5147976466393297,1200,0,300,pending,liblinear,300,1.0
negation,negation_probe,roberta-base,data/css_pairs/neg_1500.jsonl,8,19,random,sentence_mean,1.0,1.0,1.0,,0.47333333333333333,0.4724893162393162,0.5275106837606838,1200,0,300,pending,liblinear,300,1.0
negation,negation_probe,roberta-base,data/css_pairs/neg_1500.jsonl,8,23,random,sentence_mean,1.0,1.0,1.0,,0.5266666666666666,0.5263298345490126,0.4736701654509874,1200,0,300,pending,liblinear,300,1.0
negation,negation_probe,roberta-base,data/css_pairs/neg_1500.jsonl,9,11,random,sentence_mean,1.0,1.0,1.0,,0.5366666666666666,0.5366615184613162,0.46333848153868384,1200,0,300,pending,liblinear,300,1.0
negation,negation_probe,roberta-base,data/css_pairs/neg_1500.jsonl,9,13,random,sentence_mean,1.0,1.0,1.0,,0.45,0.44950455409868884,0.5504954459013112,1200,0,300,pending,liblinear,300,1.0
negation,negation_probe,roberta-base,data/css_pairs/neg_1500.jsonl,9,17,random,sentence_mean,1.0,1.0,1.0,,0.52,0.5199786657184764,0.4800213342815236,1200,0,300,pending,liblinear,300,1.0
negation,negation_probe,roberta-base,data/css_pairs/neg_1500.jsonl,9,19,random,sentence_mean,1.0,1.0,1.0,,0.4866666666666667,0.4863013698630137,0.5136986301369864,1200,0,300,pending,liblinear,300,1.0
negation,negation_probe,roberta-base,data/css_pairs/neg_1500.jsonl,9,23,random,sentence_mean,1.0,1.0,1.0,,0.47333333333333333,0.47312258236627985,0.5268774176337201,1200,0,300,pending,liblinear,300,1.0
negation,negation_probe,roberta-base,data/css_pairs/neg_1500.jsonl,10,11,random,sentence_mean,1.0,1.0,1.0,,0.4866666666666667,0.48554630083292505,0.514453699167075,1200,0,300,pending,liblinear,300,1.0
negation,negation_probe,roberta-base,data/css_pairs/neg_1500.jsonl,10,13,random,sentence_mean,1.0,1.0,1.0,,0.4533333333333333,0.45177393474772687,0.5482260652522731,1200,0,300,pending,liblinear,300,1.0
negation,negation_probe,roberta-base,data/css_pairs/neg_1500.jsonl,10,17,random,sentence_mean,1.0,1.0,1.0,,0.5066666666666667,0.5066666666666667,0.4933333333333333,1200,0,300,pending,liblinear,300,1.0
negation,negation_probe,roberta-base,data/css_pairs/neg_1500.jsonl,10,19,random,sentence_mean,1.0,1.0,1.0,,0.4766666666666667,0.47408970622717983,0.5259102937728202,1200,0,300,pending,liblinear,300,1.0
negation,negation_probe,roberta-base,data/css_pairs/neg_1500.jsonl,10,23,random,sentence_mean,1.0,1.0,1.0,,0.46,0.4593993325917686,0.5406006674082313,1200,0,300,pending,liblinear,300,1.0
negation,negation_probe,roberta-base,data/css_pairs/neg_1500.jsonl,11,11,random,sentence_mean,1.0,1.0,1.0,,0.5166666666666667,0.5151096298112829,0.48489037018871706,1200,0,300,pending,liblinear,300,1.0
negation,negation_probe,roberta-base,data/css_pairs/neg_1500.jsonl,11,13,random,sentence_mean,1.0,1.0,1.0,,0.43666666666666665,0.43666040733785927,0.5633395926621407,1200,0,300,pending,liblinear,300,1.0
negation,negation_probe,roberta-base,data/css_pairs/neg_1500.jsonl,11,17,random,sentence_mean,1.0,1.0,1.0,,0.5366666666666666,0.5366203286995366,0.4633796713004634,1200,0,300,pending,liblinear,300,1.0
negation,negation_probe,roberta-base,data/css_pairs/neg_1500.jsonl,11,19,random,sentence_mean,1.0,1.0,1.0,,0.45,0.4499938888209869,0.5500061111790131,1200,0,300,pending,liblinear,300,1.0
negation,negation_probe,roberta-base,data/css_pairs/neg_1500.jsonl,11,23,random,sentence_mean,1.0,1.0,1.0,,0.5,0.4999777767900796,0.5000222232099204,1200,0,300,pending,liblinear,300,1.0
negation,negation_probe,roberta-base,data/css_pairs/neg_1500.jsonl,12,11,random,sentence_mean,1.0,1.0,1.0,,0.5333333333333333,0.5331465919701214,0.4668534080298786,1200,0,300,pending,liblinear,300,1.0
negation,negation_probe,roberta-base,data/css_pairs/neg_1500.jsonl,12,13,random,sentence_mean,1.0,1.0,1.0,,0.44333333333333336,0.4431786607390942,0.5568213392609058,1200,0,300,pending,liblinear,300,1.0
negation,negation_probe,roberta-base,data/css_pairs/neg_1500.jsonl,12,17,random,sentence_mean,1.0,1.0,1.0,,0.49333333333333335,0.49276974416017794,0.5072302558398221,1200,0,300,pending,liblinear,300,1.0
negation,negation_probe,roberta-base,data/css_pairs/neg_1500.jsonl,12,19,random,sentence_mean,1.0,1.0,1.0,,0.49333333333333335,0.4929727806440135,0.5070272193559865,1200,0,300,pending,liblinear,300,1.0
negation,negation_probe,roberta-base,data/css_pairs/neg_1500.jsonl,12,23,random,sentence_mean,1.0,1.0,1.0,,0.5233333333333333,0.5230736734444308,0.4769263265555692,1200,0,300,pending,liblinear,300,1.0
role_reversal,role_probe,roberta-base,data/css_pairs/role_1500.jsonl,0,11,random,span_vector,1.0,1.0,1.0,,0.61,0.6097224693115104,0.3902775306884896,4800,0,1200,pending,liblinear,300,1.0
role_reversal,role_probe,roberta-base,data/css_pairs/role_1500.jsonl,0,13,random,span_vector,1.0,1.0,1.0,,0.3958333333333333,0.39582284414659974,0.6041771558534003,4800,0,1200,pending,liblinear,300,1.0
role_reversal,role_probe,roberta-base,data/css_pairs/role_1500.jsonl,0,17,random,span_vector,1.0,1.0,1.0,,0.47583333333333333,0.4736662271254352,0.5263337728745647,4800,0,1200,pending,liblinear,300,1.0
role_reversal,role_probe,roberta-base,data/css_pairs/role_1500.jsonl,0,19,random,span_vector,1.0,1.0,1.0,,0.43916666666666665,0.43892314372557534,0.5610768562744246,4800,0,1200,pending,liblinear,300,1.0
role_reversal,role_probe,roberta-base,data/css_pairs/role_1500.jsonl,0,23,random,span_vector,1.0,1.0,1.0,,0.6,0.5993043478260869,0.4006956521739131,4800,0,1200,pending,liblinear,300,1.0
role_reversal,role_probe,roberta-base,data/css_pairs/role_1500.jsonl,1,11,random,span_vector,1.0,1.0,1.0,,0.4891666666666667,0.48914928355200976,0.5108507164479903,4800,0,1200,pending,liblinear,300,1.0
role_reversal,role_probe,roberta-base,data/css_pairs/role_1500.jsonl,1,13,random,span_vector,1.0,1.0,1.0,,0.48083333333333333,0.4807522008647185,0.5192477991352815,4800,0,1200,pending,liblinear,300,1.0
role_reversal,role_probe,roberta-base,data/css_pairs/role_1500.jsonl,1,17,random,span_vector,1.0,1.0,1.0,,0.4791666666666667,0.47894051237516283,0.5210594876248371,4800,0,1200,pending,liblinear,300,1.0
role_reversal,role_probe,roberta-base,data/css_pairs/role_1500.jsonl,1,19,random,span_vector,1.0,1.0,1.0,,0.4775,0.47723535039613807,0.5227646496038619,4800,0,1200,pending,liblinear,300,1.0
role_reversal,role_probe,roberta-base,data/css_pairs/role_1500.jsonl,1,23,random,span_vector,1.0,1.0,1.0,,0.5125,0.5124590330159686,0.4875409669840314,4800,0,1200,pending,liblinear,300,1.0
role_reversal,role_probe,roberta-base,data/css_pairs/role_1500.jsonl,2,11,random,span_vector,1.0,1.0,1.0,,0.49916666666666665,0.4990410790482892,0.5009589209517108,4800,0,1200,pending,liblinear,300,1.0
role_reversal,role_probe,roberta-base,data/css_pairs/role_1500.jsonl,2,13,random,span_vector,1.0,1.0,0.9999999999999999,,0.4925,0.49249682810517564,0.5075031718948244,4800,0,1200,pending,liblinear,300,1.0
role_reversal,role_probe,roberta-base,data/css_pairs/role_1500.jsonl,2,17,random,span_vector,1.0,1.0,1.0,,0.4716666666666667,0.47166079623106927,0.5283392037689307,4800,0,1200,pending,liblinear,300,1.0
role_reversal,role_probe,roberta-base,data/css_pairs/role_1500.jsonl,2,19,random,span_vector,1.0,1.0,1.0,,0.4791666666666667,0.4791576242643102,0.5208423757356898,4800,0,1200,pending,liblinear,300,1.0
role_reversal,role_probe,roberta-base,data/css_pairs/role_1500.jsonl,2,23,random,span_vector,1.0,1.0,1.0,,0.5075,0.5074230348491953,0.49257696515080474,4800,0,1200,pending,liblinear,300,1.0
role_reversal,role_probe,roberta-base,data/css_pairs/role_1500.jsonl,3,11,random,span_vector,1.0,1.0,1.0,,0.4891666666666667,0.4885098991691415,0.5114901008308586,4800,0,1200,pending,liblinear,300,1.0
role_reversal,role_probe,roberta-base,data/css_pairs/role_1500.jsonl,3,13,random,span_vector,1.0,1.0,1.0,,0.5108333333333334,0.5108329936340233,0.48916700636597665,4800,0,1200,pending,liblinear,300,1.0
role_reversal,role_probe,roberta-base,data/css_pairs/role_1500.jsonl,3,17,random,span_vector,1.0,1.0,1.0,,0.4825,0.48249676560478505,0.517503234395215,4800,0,1200,pending,liblinear,300,1.0
role_reversal,role_probe,roberta-base,data/css_pairs/role_1500.jsonl,3,19,random,span_vector,1.0,1.0,1.0,,0.4875,0.4874199093608376,0.5125800906391624,4800,0,1200,pending,liblinear,300,1.0
role_reversal,role_probe,roberta-base,data/css_pairs/role_1500.jsonl,3,23,random,span_vector,1.0,1.0,0.9999999999999999,,0.5291666666666667,0.5286688231110778,0.47133117688892223,4800,0,1200,pending,liblinear,300,1.0
role_reversal,role_probe,roberta-base,data/css_pairs/role_1500.jsonl,4,11,random,span_vector,1.0,1.0,0.9999999999999999,,0.4683333333333333,0.46790618023913644,0.5320938197608636,4800,0,1200,pending,liblinear,300,1.0
role_reversal,role_probe,roberta-base,data/css_pairs/role_1500.jsonl,4,13,random,span_vector,1.0,1.0,1.0,,0.5291666666666667,0.529127100263286,0.470872899736714,4800,0,1200,pending,liblinear,300,1.0
role_reversal,role_probe,roberta-base,data/css_pairs/role_1500.jsonl,4,17,random,span_vector,1.0,1.0,1.0,,0.465,0.46499851388476077,0.5350014861152392,4800,0,1200,pending,liblinear,300,1.0
role_reversal,role_probe,roberta-base,data/css_pairs/role_1500.jsonl,4,19,random,span_vector,1.0,1.0,1.0,,0.5125,0.51232084564399,0.48767915435600995,4800,0,1200,pending,liblinear,300,1.0
role_reversal,role_probe,roberta-base,data/css_pairs/role_1500.jsonl,4,23,random,span_vector,1.0,1.0,1.0,,0.5033333333333333,0.5033319536998714,0.4966680463001286,4800,0,1200,pending,liblinear,300,1.0
role_reversal,role_probe,roberta-base,data/css_pairs/role_1500.jsonl,5,11,random,span_vector,1.0,1.0,1.0,,0.48083333333333333,0.48072911855226497,0.519270881447735,4800,0,1200,pending,liblinear,300,1.0
role_reversal,role_probe,roberta-base,data/css_pairs/role_1500.jsonl,5,13,random,span_vector,1.0,1.0,1.0,,0.49583333333333335,0.49570690985726285,0.5042930901427372,4800,0,1200,pending,liblinear,300,1.0
role_reversal,role_probe,roberta-base,data/css_pairs/role_1500.jsonl,5,17,random,span_vector,1.0,1.0,1.0,,0.47333333333333333,0.47332016633749174,0.5266798336625083,4800,0,1200,pending,liblinear,300,1.0
role_reversal,role_probe,roberta-base,data/css_pairs/role_1500.jsonl,5,19,random,span_vector,1.0,1.0,1.0,,0.4691666666666667,0.46914860297329564,0.5308513970267044,4800,0,1200,pending,liblinear,300,1.0
role_reversal,role_probe,roberta-base,data/css_pairs/role_1500.jsonl,5,23,random,span_vector,1.0,1.0,1.0,,0.5166666666666667,0.5166330995208,0.48336690047919995,4800,0,1200,pending,liblinear,300,1.0
role_reversal,role_probe,roberta-base,data/css_pairs/role_1500.jsonl,6,11,random,span_vector,1.0,1.0,1.0,,0.4975,0.49745777249338313,0.5025422275066169,4800,0,1200,pending,liblinear,300,1.0
role_reversal,role_probe,roberta-base,data/css_pairs/role_1500.jsonl,6,13,random,span_vector,1.0,1.0,1.0,,0.49083333333333334,0.49079054559445623,0.5092094544055438,4800,0,1200,pending,liblinear,300,1.0
role_reversal,role_probe,roberta-base,data/css_pairs/role_1500.jsonl,6,17,random,span_vector,1.0,1.0,1.0,,0.47,0.4699631918883256,0.5300368081116744,4800,0,1200,pending,liblinear,300,1.0
role_reversal,role_probe,roberta-base,data/css_pairs/role_1500.jsonl,6,19,random,span_vector,1.0,1.0,1.0,,0.485,0.4847194583717802,0.5152805416282198,4800,0,1200,pending,liblinear,300,1.0
role_reversal,role_probe,roberta-base,data/css_pairs/role_1500.jsonl,6,23,random,span_vector,1.0,1.0,1.0,,0.5183333333333333,0.5182851618495183,0.48171483815048166,4800,0,1200,pending,liblinear,300,1.0
role_reversal,role_probe,roberta-base,data/css_pairs/role_1500.jsonl,7,11,random,span_vector,1.0,1.0,1.0,,0.5158333333333334,0.5158303072727537,0.4841696927272463,4800,0,1200,pending,liblinear,300,1.0
role_reversal,role_probe,roberta-base,data/css_pairs/role_1500.jsonl,7,13,random,span_vector,1.0,1.0,1.0,,0.4925,0.49249682810517564,0.5075031718948244,4800,0,1200,pending,liblinear,300,1.0
role_reversal,role_probe,roberta-base,data/css_pairs/role_1500.jsonl,7,17,random,span_vector,1.0,1.0,1.0,,0.465,0.4649762211653851,0.5350237788346148,4800,0,1200,pending,liblinear,300,1.0
role_reversal,role_probe,roberta-base,data/css_pairs/role_1500.jsonl,7,19,random,span_vector,1.0,1.0,1.0,,0.4608333333333333,0.46082996352060535,0.5391700364793947,4800,0,1200,pending,liblinear,300,1.0
role_reversal,role_probe,roberta-base,data/css_pairs/role_1500.jsonl,7,23,random,span_vector,1.0,1.0,1.0,,0.5225,0.5222581431849874,0.4777418568150126,4800,0,1200,pending,liblinear,300,1.0
role_reversal,role_probe,roberta-base,data/css_pairs/role_1500.jsonl,8,11,random,span_vector,1.0,1.0,1.0,,0.4791666666666667,0.47914894326265267,0.5208510567373473,4800,0,1200,pending,liblinear,300,1.0
role_reversal,role_probe,roberta-base,data/css_pairs/role_1500.jsonl,8,13,random,span_vector,1.0,1.0,0.9999999999999999,,0.4866666666666667,0.486653833012492,0.513346166987508,4800,0,1200,pending,liblinear,300,1.0
role_reversal,role_probe,roberta-base,data/css_pairs/role_1500.jsonl,8,17,random,span_vector,1.0,1.0,1.0,,0.4816666666666667,0.48152264517921645,0.5184773548207835,4800,0,1200,pending,liblinear,300,1.0
role_reversal,role_probe,roberta-base,data/css_pairs/role_1500.jsonl,8,19,random,span_vector,1.0,1.0,1.0,,0.4766666666666667,0.47654889016695423,0.5234511098330458,4800,0,1200,pending,liblinear,300,1.0
role_reversal,role_probe,roberta-base,data/css_pairs/role_1500.jsonl,8,23,random,span_vector,1.0,1.0,1.0,,0.51,0.509965969859018,0.490034030140982,4800,0,1200,pending,liblinear,300,1.0
role_reversal,role_probe,roberta-base,data/css_pairs/role_1500.jsonl,9,11,random,span_vector,1.0,1.0,1.0,,0.5125,0.5119302463500794,0.48806975364992056,4800,0,1200,pending,liblinear,300,1.0
role_reversal,role_probe,roberta-base,data/css_pairs/role_1500.jsonl,9,13,random,span_vector,1.0,1.0,0.9999999999999999,,0.49416666666666664,0.4941241590439197,0.5058758409560803,4800,0,1200,pending,liblinear,300,1.0
role_reversal,role_probe,roberta-base,data/css_pairs/role_1500.jsonl,9,17,random,span_vector,1.0,1.0,1.0,,0.49833333333333335,0.4983277591973244,0.5016722408026756,4800,0,1200,pending,liblinear,300,1.0
role_reversal,role_probe,roberta-base,data/css_pairs/role_1500.jsonl,9,19,random,span_vector,1.0,1.0,1.0,,0.4875,0.4873429987933805,0.5126570012066195,4800,0,1200,pending,liblinear,300,1.0
role_reversal,role_probe,roberta-base,data/css_pairs/role_1500.jsonl,9,23,random,span_vector,1.0,1.0,1.0,,0.49416666666666664,0.4941663153932746,0.5058336846067254,4800,0,1200,pending,liblinear,300,1.0
role_reversal,role_probe,roberta-base,data/css_pairs/role_1500.jsonl,10,11,random,span_vector,1.0,1.0,1.0,,0.5016666666666667,0.5012177626530544,0.4987822373469456,4800,0,1200,pending,liblinear,300,1.0
role_reversal,role_probe,roberta-base,data/css_pairs/role_1500.jsonl,10,13,random,span_vector,1.0,1.0,1.0,,0.49333333333333335,0.4932981457045628,0.5067018542954371,4800,0,1200,pending,liblinear,300,1.0
role_reversal,role_probe,roberta-base,data/css_pairs/role_1500.jsonl,10,17,random,span_vector,1.0,1.0,1.0,,0.49333333333333335,0.49332066634999205,0.506679333650008,4800,0,1200,pending,liblinear,300,1.0
role_reversal,role_probe,roberta-base,data/css_pairs/role_1500.jsonl,10,19,random,span_vector,1.0,1.0,1.0,,0.4708333333333333,0.4708241462525391,0.5291758537474609,4800,0,1200,pending,liblinear,300,1.0
role_reversal,role_probe,roberta-base,data/css_pairs/role_1500.jsonl,10,23,random,span_vector,1.0,1.0,1.0,,0.5225,0.5224041491660478,0.4775958508339522,4800,0,1200,pending,liblinear,300,1.0
role_reversal,role_probe,roberta-base,data/css_pairs/role_1500.jsonl,11,11,random,span_vector,1.0,1.0,1.0,,0.5,0.49998749968749223,0.5000125003125078,4800,0,1200,pending,liblinear,300,1.0
role_reversal,role_probe,roberta-base,data/css_pairs/role_1500.jsonl,11,13,random,span_vector,1.0,1.0,1.0,,0.4708333333333333,0.47072711120495714,0.5292728887950429,4800,0,1200,pending,liblinear,300,1.0
role_reversal,role_probe,roberta-base,data/css_pairs/role_1500.jsonl,11,17,random,span_vector,1.0,1.0,1.0,,0.4891666666666667,0.48914928355200976,0.5108507164479903,4800,0,1200,pending,liblinear,300,1.0
role_reversal,role_probe,roberta-base,data/css_pairs/role_1500.jsonl,11,19,random,span_vector,1.0,1.0,0.9999999999999999,,0.47833333333333333,0.4783101471176497,0.5216898528823504,4800,0,1200,pending,liblinear,300,1.0
role_reversal,role_probe,roberta-base,data/css_pairs/role_1500.jsonl,11,23,random,span_vector,1.0,1.0,0.9999999999999999,,0.5016666666666667,0.5012662943307266,0.49873370566927344,4800,0,1200,pending,liblinear,300,1.0
role_reversal,role_probe,roberta-base,data/css_pairs/role_1500.jsonl,12,11,random,span_vector,1.0,1.0,1.0,,0.4875,0.4872005108539084,0.5127994891460916,4800,0,1200,pending,liblinear,300,1.0
role_reversal,role_probe,roberta-base,data/css_pairs/role_1500.jsonl,12,13,random,span_vector,1.0,1.0,1.0,,0.5225,0.5224917099255195,0.4775082900744805,4800,0,1200,pending,liblinear,300,1.0
role_reversal,role_probe,roberta-base,data/css_pairs/role_1500.jsonl,12,17,random,span_vector,1.0,1.0,1.0,,0.4866666666666667,0.48664385083781503,0.513356149162185,4800,0,1200,pending,liblinear,300,1.0
role_reversal,role_probe,roberta-base,data/css_pairs/role_1500.jsonl,12,19,random,span_vector,1.0,1.0,1.0,,0.47833333333333333,0.47826231903786903,0.521737680962131,4800,0,1200,pending,liblinear,300,1.0
role_reversal,role_probe,roberta-base,data/css_pairs/role_1500.jsonl,12,23,random,span_vector,1.0,1.0,1.0,,0.5266666666666666,0.5266548330374926,0.4733451669625074,4800,0,1200,pending,liblinear,300,1.0
